,Charging event,User ID,CP ID,Connector,Start Date,Start Time,End Date,End Time,Total kWh,Cost,Site,Group,Model,Unnamed: 13,Unnamed: 14,Unnamed: 15,Unnamed: 16
0,11684888,621969,51584,2,31/01/2021,23:33,01/02/2021,00:08,11.216,2.06,"Lochee Charging Hub, Aimer Square, Dundee",APT Controls; APT test; CYC; ChargePlace Scotland; Dundee City Council,APT 50kW Raption,,,806169924A6B04,Nissan LEAF
1,11684768,628777,51584,2,31/01/2021,23:02,,,,,"Lochee Charging Hub, Aimer Square, Dundee",APT Controls; APT test; CYC; ChargePlace Scotland; Dundee City Council,APT 50kW Raption,,,805F6172247304,Nissan LEAF
2,11684711,621472,52667,1,31/01/2021,22:52,01/02/2021,00:22,113.776,17.25,Green Market HGV,Dundee City Council Private,Swarco Raption 150 CCS/CHA,,,8062FB2A5A4304,
3,11684864,610690,51427,2,31/01/2021,22:35,01/02/2021,04:05,20.114,3.38,"Princes Street Charging Hub, Dundee",APT Controls; APT test; CYC; ChargePlace Scotland; Dundee City Council,APT 22kW Dual Outlet,,,805E81C25D0604,
4,11684583,615610,51547,2,31/01/2021,22:24,,,,,"Lochee Charging Hub, Aimer Square, Dundee",APT Controls; CYC; ChargePlace Scotland; Dundee City Council,APT 50kW Raption,,,8062CBA2487304,
5,11684536,526342,51426,2,31/01/2021,22:12,31/01/2021,22:18,4.013,0.98,"Princes Street Charging Hub, Dundee",APT Controls; APT test; CYC; ChargePlace Scotland; Dundee City Council,APT 50kW Raption,,,8062E14A3B5E04,Nissan LEAF
6,11684527,607753,51584,2,31/01/2021,22:10,31/01/2021,22:34,14.638,2.57,"Lochee Charging Hub, Aimer Square, Dundee",APT Controls; APT test; CYC; ChargePlace Scotland; Dundee City Council,APT 50kW Raption,,,804377FA2E5B04,Nissan LEAF
7,11684509,529680,51421,2,31/01/2021,22:07,31/01/2021,22:17,5.898,1.26,"Princes Street Charging Hub, Dundee",APT Controls; APT test; CYC; ChargePlace Scotland; Dundee City Council,APT 50kW Raption,,,8065B0AA281604,Nissan LEAF
8,11684488,604735H,50268,1,31/01/2021,22:04,01/02/2021,17:29,0.0,0.0,"Housing Office West, Aimer Square, Dundee",APT Controls; CYC; ChargePlace Scotland; Dundee City Council,APT 7kW Dual Outlet,,,804E2D5A707C04,
9,11684474,618311,51424,2,31/01/2021,22:01,31/01/2021,22:39,20.823,3.5,"Princes Street Charging Hub, Dundee",APT Controls; APT test; CYC; ChargePlace Scotland; Dundee City Council,APT 50kW Raption,,,805F5612464004,Nissan LEAF
10,11684457,626025,51428,1,31/01/2021,21:58,01/02/2021,07:49,25.309,4.17,"Princes Street Charging Hub, Dundee",APT Controls; APT test; CYC; ChargePlace Scotland; Dundee City Council,APT 22kW Dual Outlet,,,8.06E+14,BMW i3
11,11684442,618928,51585,2,31/01/2021,21:55,31/01/2021,22:08,4.303,1.02,"Lochee Charging Hub, Aimer Square, Dundee",APT Controls; APT test; CYC; ChargePlace Scotland; Dundee City Council,APT 50kW Raption,,,805F5612907004,Nissan LEAF
12,11684427,609542,51592,2,31/01/2021,21:52,31/01/2021,22:36,20.129,3.39,"Queen Street Charging Hub, Dundee",APT Controls; APT test; CYC; ChargePlace Scotland; Dundee City Council,APT 50kW Raption,,,804D1CAA2E4704,Nissan LEAF
13,11684396,615609,50268,2,31/01/2021,21:48,01/02/2021,03:13,12.84,0.0,"Housing Office West, Aimer Square, Dundee",APT Controls; CYC; ChargePlace Scotland; Dundee City Council,APT 7kW Dual Outlet,,,8062CBA2612504,
14,11684372,617635,51547,2,31/01/2021,21:43,31/01/2021,22:16,8.663,1.67,"Lochee Charging Hub, Aimer Square, Dundee",APT Controls; CYC; ChargePlace Scotland; Dundee City Council,APT 50kW Raption,,,8062CBA24C3504,Nissan LEAF
15,11684308,604735H,51594,2,31/01/2021,21:33,31/01/2021,21:45,4.24,0.0,"Queen Street Charging Hub, Dundee",APT Controls; APT test; CYC; ChargePlace Scotland; Dundee City Council,APT 50kW Raption,,,804E2D5A707C04,
16,11684307,614734,51584,2,31/01/2021,21:33,31/01/2021,21:42,5.739,1.24,"Lochee Charging Hub, Aimer Square, Dundee",APT Controls; APT test; CYC; ChargePlace Scotland; Dundee City Council,APT 50kW Raption,,,8062CBA26B4404,Nissan LEAF
17,11684306,610537,51422,2,31/01/2021,21:33,31/01/2021,22:33,29.413,4.79,"Princes Street Charging Hub, Dundee",APT Controls; CYC; ChargePlace Scotland; Dundee City Council,APT 50kW Raption,,,805E81826A1604,Multiple vehicles available
18,11684300,605355,51425,2,31/01/2021,21:32,31/01/2021,22:12,13.207,2.36,"Princes Street Charging Hub, Dundee",APT Controls; APT test; CYC; ChargePlace Scotland; Dundee City Council,APT 50kW Raption,,,804D1CC23C4F04,Nissan LEAF
19,11684260,618311,51424,2,31/01/2021,21:26,31/01/2021,21:40,10.139,1.9,"Princes Street Charging Hub, Dundee",APT Controls; APT test; CYC; ChargePlace Scotland; Dundee City Council,APT 50kW Raption,,,805F5612464004,Nissan LEAF
20,11684239,622113,51426,2,31/01/2021,21:23,31/01/2021,22:08,28.752,4.69,"Princes Street Charging Hub, Dundee",APT Controls; APT test; CYC; ChargePlace Scotland; Dundee City Council,APT 50kW Raption,,,806169921B6204,Nissan LEAF
21,11684236,615824,50267,2,31/01/2021,21:23,01/02/2021,07:31,8.22,0.0,"Social Work Building, Jack Martin Way, Dundee",APT Controls; CYC; ChargePlace Scotland; Dundee City Council,APT 7kW Dual Outlet,,,8062CBA25C1704,
22,11684213,606789,51595,2,31/01/2021,21:19,31/01/2021,22:03,18.194,0.0,"Queen Street Charging Hub, Dundee",APT Controls; APT test; CYC; ChargePlace Scotland; Dundee City Council,APT 50kW Raption,,,804D1CC21F2104,Kia Soul EV
23,11684193,604724H,50373,1,31/01/2021,21:17,01/02/2021,07:04,15.71,0.0,"Janet Brougham House, Banchory Road, Dundee",APT Controls; CYC; ChargePlace Scotland; Dundee City Council,APT 7kW Dual Outlet,,,804E2D5A6D0B04,
24,11684188,617635,51426,2,31/01/2021,21:17,31/01/2021,21:22,2.598,0.76,"Princes Street Charging Hub, Dundee",APT Controls; APT test; CYC; ChargePlace Scotland; Dundee City Council,APT 50kW Raption,,,8062CBA24C3504,Nissan LEAF
25,11684164,612635,50265,2,31/01/2021,21:14,01/02/2021,06:55,34.27,0.0,"Turriff House, Rannoch Road, Dundee",CYC; ChargePlace Scotland; Dundee City Council,APT 7kW Dual Outlet,,,805E802A5C3F04,
26,11684127,617635,51426,2,31/01/2021,21:08,31/01/2021,21:12,2.237,0.71,"Princes Street Charging Hub, Dundee",APT Controls; APT test; CYC; ChargePlace Scotland; Dundee City Council,APT 50kW Raption,,,8062CBA24C3504,Nissan LEAF
27,11684123,626025,50676,1,31/01/2021,21:07,01/02/2021,07:22,23.59,3.91,"Olympia Multi-Storey Car Park, Dundee",APT Controls; CYC; ChargePlace Scotland; Dundee City Council,APT 7kW Dual Outlet,,,8.06E+14,BMW i3
28,11684104,607855,51421,2,31/01/2021,21:05,31/01/2021,21:55,18.714,3.18,"Princes Street Charging Hub, Dundee",APT Controls; APT test; CYC; ChargePlace Scotland; Dundee City Council,APT 50kW Raption,,,803E699A3F2D04,Nissan LEAF
29,11684087,625088,52159,1,31/01/2021,21:02,01/02/2021,07:31,39.779,6.33,"East District Housing Office, Dundee",APT Controls; APT test; CYC; ChargePlace Scotland; Dundee City Council,APT 22kW Dual Outlet,,,8.0617E+13,BMW i3
30,11684058,615980,51585,2,31/01/2021,20:58,31/01/2021,21:13,11.074,2.04,"Lochee Charging Hub, Aimer Square, Dundee",APT Controls; APT test; CYC; ChargePlace Scotland; Dundee City Council,APT 50kW Raption,,,8062CBA2539304,Nissan LEAF
31,11683950,607753,51549,2,31/01/2021,20:50,31/01/2021,20:59,7.083,1.44,"Lochee Charging Hub, Aimer Square, Dundee",APT Controls; CYC; ChargePlace Scotland; Dundee City Council,APT 50kW Raption,,,804377FA2E5B04,Nissan LEAF
32,11683939,621969,51584,2,31/01/2021,20:48,31/01/2021,21:13,6.922,1.41,"Lochee Charging Hub, Aimer Square, Dundee",APT Controls; APT test; CYC; ChargePlace Scotland; Dundee City Council,APT 50kW Raption,,,806169924A6B04,Nissan LEAF
33,11683925,626025,50677,2,31/01/2021,20:46,31/01/2021,23:45,11.49,2.1,"Olympia Multi-Storey Car Park, Dundee",APT Controls; CYC; ChargePlace Scotland; Dundee City Council,APT 7kW Dual Outlet,,,8.06E+14,BMW i3
34,11683798,612889,51597,2,31/01/2021,20:28,01/02/2021,09:09,12.956,0.0,"Queen Street Charging Hub, Dundee",APT Controls; APT test; CYC; ChargePlace Scotland; Dundee City Council,APT 22kW Dual Outlet,,,805E8182246D04,Nissan LEAF
35,11683691,625088,50677,1,31/01/2021,20:13,01/02/2021,07:24,24.26,4.01,"Olympia Multi-Storey Car Park, Dundee",APT Controls; CYC; ChargePlace Scotland; Dundee City Council,APT 7kW Dual Outlet,,,8.0617E+13,BMW i3
36,11683642,626573,52667,1,31/01/2021,20:04,31/01/2021,22:09,157.398,23.98,Green Market HGV,Dundee City Council Private,Swarco Raption 150 CCS/CHA,,,8062E2CA662104,
37,11683631,618311,51585,2,31/01/2021,20:03,31/01/2021,20:13,7.724,1.53,"Lochee Charging Hub, Aimer Square, Dundee",APT Controls; APT test; CYC; ChargePlace Scotland; Dundee City Council,APT 50kW Raption,,,805F5612464004,Nissan LEAF
38,11683615,526342,51425,2,31/01/2021,20:00,31/01/2021,20:10,6.526,1.35,"Princes Street Charging Hub, Dundee",APT Controls; APT test; CYC; ChargePlace Scotland; Dundee City Council,APT 50kW Raption,,,8062E14A3B5E04,Nissan LEAF
39,11683595,628777,51593,2,31/01/2021,19:58,31/01/2021,20:58,27.584,4.51,"Queen Street Charging Hub, Dundee",APT Controls; APT test; CYC; ChargePlace Scotland; Dundee City Council,APT 50kW Raption,,,805F6172247304,Nissan LEAF
40,11683580,533546,51547,2,31/01/2021,19:56,,,,,"Lochee Charging Hub, Aimer Square, Dundee",APT Controls; CYC; ChargePlace Scotland; Dundee City Council,APT 50kW Raption,,,8069C09A534104,Mitsubishi Outlander PHEV
41,11683578,519478,51426,2,31/01/2021,19:55,31/01/2021,20:19,15.682,2.73,"Princes Street Charging Hub, Dundee",APT Controls; APT test; CYC; ChargePlace Scotland; Dundee City Council,APT 50kW Raption,,,8056E292252904,Nissan LEAF
42,11683554,615980,51584,2,31/01/2021,19:52,31/01/2021,19:57,4.04,0.98,"Lochee Charging Hub, Aimer Square, Dundee",APT Controls; APT test; CYC; ChargePlace Scotland; Dundee City Council,APT 50kW Raption,,,8062CBA2539304,Nissan LEAF
43,11683517,603589,51549,2,31/01/2021,19:45,31/01/2021,19:51,2.878,0.81,"Lochee Charging Hub, Aimer Square, Dundee",APT Controls; CYC; ChargePlace Scotland; Dundee City Council,APT 50kW Raption,,,804F0BC23A8504,Nissan LEAF
44,11683496,526975,51422,2,31/01/2021,19:41,31/01/2021,20:05,16.225,2.81,"Princes Street Charging Hub, Dundee",APT Controls; CYC; ChargePlace Scotland; Dundee City Council,APT 50kW Raption,,,8062E2E2362204,Nissan LEAF
45,11683454,603776,51426,2,31/01/2021,19:35,31/01/2021,19:52,1.732,0.63,"Princes Street Charging Hub, Dundee",APT Controls; APT test; CYC; ChargePlace Scotland; Dundee City Council,APT 50kW Raption,,,804F0BC2446F04,Peugeot iOn
46,11683440,603589,51549,2,31/01/2021,19:32,31/01/2021,19:38,2.982,0.82,"Lochee Charging Hub, Aimer Square, Dundee",APT Controls; CYC; ChargePlace Scotland; Dundee City Council,APT 50kW Raption,,,804F0BC23A8504,Nissan LEAF
47,11683405,622113,51422,2,31/01/2021,19:27,31/01/2021,19:40,9.678,1.83,"Princes Street Charging Hub, Dundee",APT Controls; CYC; ChargePlace Scotland; Dundee City Council,APT 50kW Raption,,,806169921B6204,Nissan LEAF
48,11683402,624468,51421,2,31/01/2021,19:26,31/01/2021,20:00,8.268,1.62,"Princes Street Charging Hub, Dundee",APT Controls; APT test; CYC; ChargePlace Scotland; Dundee City Council,APT 50kW Raption,,,8.06E+14,Nissan LEAF
49,11683369,608881,51595,2,31/01/2021,19:21,31/01/2021,20:02,11.609,2.12,"Queen Street Charging Hub, Dundee",APT Controls; APT test; CYC; ChargePlace Scotland; Dundee City Council,APT 50kW Raption,,,803B7D9A404B04,Nissan LEAF
50,11683367,619611,51424,2,31/01/2021,19:21,31/01/2021,20:21,24.822,4.1,"Princes Street Charging Hub, Dundee",APT Controls; APT test; CYC; ChargePlace Scotland; Dundee City Council,APT 50kW Raption,,,805F5612248804,Nissan LEAF
51,11683275,618928,51585,2,31/01/2021,19:07,31/01/2021,19:13,2.241,0.71,"Lochee Charging Hub, Aimer Square, Dundee",APT Controls; APT test; CYC; ChargePlace Scotland; Dundee City Council,APT 50kW Raption,,,805F5612907004,Nissan LEAF
52,11683209,614301,51426,2,31/01/2021,18:57,31/01/2021,19:32,15.08,2.64,"Princes Street Charging Hub, Dundee",APT Controls; APT test; CYC; ChargePlace Scotland; Dundee City Council,APT 50kW Raption,,,8062160A751104,Nissan E-NV200
53,11683156,614716,51549,2,31/01/2021,18:50,31/01/2021,19:21,8.851,1.7,"Lochee Charging Hub, Aimer Square, Dundee",APT Controls; CYC; ChargePlace Scotland; Dundee City Council,APT 50kW Raption,,,8062CBA2892104,Nissan LEAF
54,11683112,526584,51547,2,31/01/2021,18:44,31/01/2021,19:13,15.6,2.72,"Lochee Charging Hub, Aimer Square, Dundee",APT Controls; CYC; ChargePlace Scotland; Dundee City Council,APT 50kW Raption,,,8062E162584304,Nissan LEAF
55,11683103,614734,51584,2,31/01/2021,18:43,31/01/2021,19:08,14.34,2.53,"Lochee Charging Hub, Aimer Square, Dundee",APT Controls; APT test; CYC; ChargePlace Scotland; Dundee City Council,APT 50kW Raption,,,8062CBA26B4404,Nissan LEAF
56,11683082,621969,51424,2,31/01/2021,18:41,31/01/2021,18:55,3.878,0.96,"Princes Street Charging Hub, Dundee",APT Controls; APT test; CYC; ChargePlace Scotland; Dundee City Council,APT 50kW Raption,,,806169924A6B04,Nissan LEAF
57,11683041,618928,51585,2,31/01/2021,18:37,31/01/2021,18:46,3.058,0.83,"Lochee Charging Hub, Aimer Square, Dundee",APT Controls; APT test; CYC; ChargePlace Scotland; Dundee City Council,APT 50kW Raption,,,805F5612907004,Nissan LEAF
58,11683027,619295,51594,1,31/01/2021,18:35,31/01/2021,18:57,8.759,0.0,"Queen Street Charging Hub, Dundee",APT Controls; APT test; CYC; ChargePlace Scotland; Dundee City Council,APT 50kW Raption,,,805F5612586704,Nissan LEAF
59,11682987,526584,51585,2,31/01/2021,18:28,31/01/2021,18:31,2.219,0.71,"Lochee Charging Hub, Aimer Square, Dundee",APT Controls; APT test; CYC; ChargePlace Scotland; Dundee City Council,APT 50kW Raption,,,8062E162584304,Nissan LEAF
60,11682882,621188,50268,2,31/01/2021,18:13,31/01/2021,21:06,15.3,0.0,"Housing Office West, Aimer Square, Dundee",APT Controls; CYC; ChargePlace Scotland; Dundee City Council,APT 7kW Dual Outlet,,,80650DE2621104,
61,11682870,603589,51585,2,31/01/2021,18:11,31/01/2021,18:16,2.22,0.71,"Lochee Charging Hub, Aimer Square, Dundee",APT Controls; APT test; CYC; ChargePlace Scotland; Dundee City Council,APT 50kW Raption,,,804F0BC23A8504,Nissan LEAF
62,11682799,607753,51584,2,31/01/2021,17:59,31/01/2021,18:10,7.052,1.43,"Lochee Charging Hub, Aimer Square, Dundee",APT Controls; APT test; CYC; ChargePlace Scotland; Dundee City Council,APT 50kW Raption,,,804377FA2E5B04,Nissan LEAF
63,11682780,625085,51088,2,31/01/2021,17:56,01/02/2021,08:26,55.647,8.71,"Gellatly Street Car Park, Dundee",APT Controls; CYC; ChargePlace Scotland; Dundee City Council,APT 7kW Dual Outlet,,,8.0617E+13,BMW i3
64,11682715,528794,50692,2,31/01/2021,17:48,31/01/2021,18:42,33.94,5.47,"Dundee Ice Arena, Dundee",APT Controls; CYC; ChargePlace Scotland; Dundee City Council,APT Triple Rapid Charger,,,8065B0AA185404,Kia Soul EV
65,11682696,605355,51426,2,31/01/2021,17:45,31/01/2021,17:57,5.419,1.19,"Princes Street Charging Hub, Dundee",APT Controls; APT test; CYC; ChargePlace Scotland; Dundee City Council,APT 50kW Raption,,,804D1CC23C4F04,Nissan LEAF
66,11682624,614734,51426,2,31/01/2021,17:34,31/01/2021,17:37,1.96,0.67,"Princes Street Charging Hub, Dundee",APT Controls; APT test; CYC; ChargePlace Scotland; Dundee City Council,APT 50kW Raption,,,8062CBA26B4404,Nissan LEAF
67,11682576,625085,51547,1,31/01/2021,17:27,31/01/2021,17:58,19.879,3.36,"Lochee Charging Hub, Aimer Square, Dundee",APT Controls; CYC; ChargePlace Scotland; Dundee City Council,APT 50kW Raption,,,8.0617E+13,BMW i3
68,11682556,625592,50676,2,31/01/2021,17:24,01/02/2021,07:33,37.42,5.99,"Olympia Multi-Storey Car Park, Dundee",APT Controls; CYC; ChargePlace Scotland; Dundee City Council,APT 7kW Dual Outlet,,,8.0617E+13,BMW i3
69,11682552,614677,51596,2,31/01/2021,17:24,31/01/2021,18:07,20.999,3.52,"Queen Street Charging Hub, Dundee",APT Controls; APT test; CYC; ChargePlace Scotland; Dundee City Council,APT 50kW Raption,,,8062CBA2392004,Nissan LEAF
70,11682548,624978,51421,1,31/01/2021,17:23,31/01/2021,18:02,18.15,0.0,"Princes Street Charging Hub, Dundee",APT Controls; APT test; CYC; ChargePlace Scotland; Dundee City Council,APT 50kW Raption,,,8.0617E+13,Hyundai Ioniq
71,11682488,610681,51427,1,31/01/2021,17:15,31/01/2021,20:05,9.859,1.85,"Princes Street Charging Hub, Dundee",APT Controls; APT test; CYC; ChargePlace Scotland; Dundee City Council,APT 22kW Dual Outlet,,,805E81C2237E04,Nissan LEAF
72,11682469,604735H,50692,2,31/01/2021,17:12,31/01/2021,17:47,11.64,0.0,"Dundee Ice Arena, Dundee",APT Controls; CYC; ChargePlace Scotland; Dundee City Council,APT Triple Rapid Charger,,,804E2D5A707C04,
73,11682422,621994,51425,2,31/01/2021,17:06,31/01/2021,17:30,8.688,1.68,"Princes Street Charging Hub, Dundee",APT Controls; APT test; CYC; ChargePlace Scotland; Dundee City Council,APT 50kW Raption,,,8.0617E+13,Porsche Taycan
74,11682402,604781H,50240,1,31/01/2021,17:02,01/02/2021,07:56,11.49,0.0,"Gellatly Street Car Park, Dundee",APT Controls; CYC; ChargePlace Scotland; Dundee City Council,APT 7kW Dual Outlet,,,804E2D5A6F2004,
75,11682362,614716,51549,2,31/01/2021,16:58,31/01/2021,17:18,9.65,1.82,"Lochee Charging Hub, Aimer Square, Dundee",APT Controls; CYC; ChargePlace Scotland; Dundee City Council,APT 50kW Raption,,,8062CBA2892104,Nissan LEAF
76,11682358,608881,51595,2,31/01/2021,16:57,31/01/2021,17:09,5.57,1.21,"Queen Street Charging Hub, Dundee",APT Controls; APT test; CYC; ChargePlace Scotland; Dundee City Council,APT 50kW Raption,,,803B7D9A404B04,Nissan LEAF
77,11682351,626024,51548,1,31/01/2021,16:56,31/01/2021,17:26,19.22,3.26,"Lochee Charging Hub, Aimer Square, Dundee",APT Controls; CYC; ChargePlace Scotland; Dundee City Council,APT 50kW Raption,,,80616992665C04,BMW i3
78,11682290,616577,51584,3,31/01/2021,16:48,31/01/2021,17:35,15.299,0.0,"Lochee Charging Hub, Aimer Square, Dundee",APT Controls; APT test; CYC; ChargePlace Scotland; Dundee City Council,APT 50kW Raption,,,8062CBA2676004,Renault ZOE
79,11682256,606977,50692,2,31/01/2021,16:43,31/01/2021,17:00,7.94,1.57,"Dundee Ice Arena, Dundee",APT Controls; CYC; ChargePlace Scotland; Dundee City Council,APT Triple Rapid Charger,,,804D1CA26D4A04,Nissan LEAF
80,11682223,625088,50675,2,31/01/2021,16:39,01/02/2021,07:52,33.31,5.37,"Olympia Multi-Storey Car Park, Dundee",APT Controls; CYC; ChargePlace Scotland; Dundee City Council,APT 7kW Dual Outlet,,,8.0617E+13,BMW i3
81,11682179,610778,51550,2,31/01/2021,16:33,31/01/2021,17:29,17.377,2.98,"Lochee Charging Hub, Aimer Square, Dundee",APT Controls; CYC; ChargePlace Scotland; Dundee City Council,APT 50kW Raption,,,805E81C2613304,Nissan LEAF
82,11682145,621472,52667,1,31/01/2021,16:30,31/01/2021,18:11,125.166,19.15,Green Market HGV,Dundee City Council Private,Swarco Raption 150 CCS/CHA,,,8062FB2A5A4304,
83,11682105,602180,51585,2,31/01/2021,16:27,31/01/2021,17:27,27.692,0.0,"Lochee Charging Hub, Aimer Square, Dundee",APT Controls; APT test; CYC; ChargePlace Scotland; Dundee City Council,APT 50kW Raption,,,804E2D62115204,Nissan LEAF
84,11682089,622882,51594,3,31/01/2021,16:25,31/01/2021,16:50,2.625,0.77,"Queen Street Charging Hub, Dundee",APT Controls; APT test; CYC; ChargePlace Scotland; Dundee City Council,APT 50kW Raption,,,806169923F4804,Peugeot e-2008
85,11682039,610653,51547,2,31/01/2021,16:20,31/01/2021,17:04,3.874,0.96,"Lochee Charging Hub, Aimer Square, Dundee",APT Controls; CYC; ChargePlace Scotland; Dundee City Council,APT 50kW Raption,,,805E81C2124004,Nissan LEAF
86,11682017,604903H,50339,2,31/01/2021,16:17,31/01/2021,16:53,11.35,0.0,"Public Works Dept, Clepington Road, Dundee",APT Controls; CYC; ChargePlace Scotland; Dundee City Council,APT Triple Rapid Charger,,,804E2D5A5A7304,
87,11682012,628777,51592,2,31/01/2021,16:17,31/01/2021,16:20,1.244,0.56,"Queen Street Charging Hub, Dundee",APT Controls; APT test; CYC; ChargePlace Scotland; Dundee City Council,APT 50kW Raption,,,805F6172247304,Nissan LEAF
88,11681955,602180,51550,2,31/01/2021,16:11,31/01/2021,16:26,6.403,0.0,"Lochee Charging Hub, Aimer Square, Dundee",APT Controls; CYC; ChargePlace Scotland; Dundee City Council,APT 50kW Raption,,,804E2D62115204,Nissan LEAF
89,11681930,625085,51425,1,31/01/2021,16:08,31/01/2021,16:35,21.227,3.56,"Princes Street Charging Hub, Dundee",APT Controls; APT test; CYC; ChargePlace Scotland; Dundee City Council,APT 50kW Raption,,,8.0617E+13,BMW i3
90,11681854,607855,51584,2,31/01/2021,15:59,31/01/2021,16:41,14.361,2.53,"Lochee Charging Hub, Aimer Square, Dundee",APT Controls; APT test; CYC; ChargePlace Scotland; Dundee City Council,APT 50kW Raption,,,803E699A3F2D04,Nissan LEAF
91,11681768,624029,51422,1,31/01/2021,15:50,31/01/2021,17:07,22.4,3.74,"Princes Street Charging Hub, Dundee",APT Controls; CYC; ChargePlace Scotland; Dundee City Council,APT 50kW Raption,,,806169926C4F04,Renault ZOE
92,11681716,610684,51592,2,31/01/2021,15:43,31/01/2021,15:55,4.768,1.09,"Queen Street Charging Hub, Dundee",APT Controls; APT test; CYC; ChargePlace Scotland; Dundee City Council,APT 50kW Raption,,,805E81C22B8D04,Nissan LEAF
93,11681708,614969,51549,2,31/01/2021,15:42,31/01/2021,16:23,20.977,3.52,"Lochee Charging Hub, Aimer Square, Dundee",APT Controls; CYC; ChargePlace Scotland; Dundee City Council,APT 50kW Raption,,,8062CBA28E5604,Nissan LEAF
94,11681695,617635,51421,2,31/01/2021,15:41,31/01/2021,16:21,12.572,2.26,"Princes Street Charging Hub, Dundee",APT Controls; APT test; CYC; ChargePlace Scotland; Dundee City Council,APT 50kW Raption,,,8062CBA24C3504,Nissan LEAF
95,11681690,625591,51585,1,31/01/2021,15:40,31/01/2021,16:17,27.236,4.46,"Lochee Charging Hub, Aimer Square, Dundee",APT Controls; APT test; CYC; ChargePlace Scotland; Dundee City Council,APT 50kW Raption,,,8.06E+14,BMW i3
96,11681599,626023,51593,1,31/01/2021,15:30,31/01/2021,16:02,23.971,3.97,"Queen Street Charging Hub, Dundee",APT Controls; APT test; CYC; ChargePlace Scotland; Dundee City Council,APT 50kW Raption,,,8.0617E+13,BMW i3
97,11681511,625554,51547,1,31/01/2021,15:22,31/01/2021,15:59,23.193,3.85,"Lochee Charging Hub, Aimer Square, Dundee",APT Controls; CYC; ChargePlace Scotland; Dundee City Council,APT 50kW Raption,,,80616992541C04,Volkswagen ID.3
98,11681428,607263,51424,1,31/01/2021,15:13,31/01/2021,15:52,29.331,4.77,"Princes Street Charging Hub, Dundee",APT Controls; APT test; CYC; ChargePlace Scotland; Dundee City Council,APT 50kW Raption,,,804D1CA2208A04,Nissan LEAF
99,11681337,625085,51425,1,31/01/2021,15:03,31/01/2021,15:33,15.837,2.75,"Princes Street Charging Hub, Dundee",APT Controls; APT test; CYC; ChargePlace Scotland; Dundee City Council,APT 50kW Raption,,,8.0617E+13,BMW i3
100,11681162,626573,52667,1,31/01/2021,14:45,31/01/2021,16:21,188.463,28.64,Green Market HGV,Dundee City Council Private,Swarco Raption 150 CCS/CHA,,,8062E2CA662104,
101,11681098,610648,50912,1,31/01/2021,14:39,31/01/2021,17:46,13.996,2.47,"Lochee Charging Hub, Aimer Square, Dundee",APT Controls; CYC; ChargePlace Scotland; Dundee City Council,APT 22kW Dual Outlet,,,805F466A7C4704,Hyundai Ioniq
102,11681094,603776,51547,2,31/01/2021,14:38,31/01/2021,15:00,5.129,1.14,"Lochee Charging Hub, Aimer Square, Dundee",APT Controls; CYC; ChargePlace Scotland; Dundee City Council,APT 50kW Raption,,,804F0BC2446F04,Peugeot iOn
103,11681083,618928,51585,2,31/01/2021,14:37,31/01/2021,14:52,2.593,0.76,"Lochee Charging Hub, Aimer Square, Dundee",APT Controls; APT test; CYC; ChargePlace Scotland; Dundee City Council,APT 50kW Raption,,,805F5612907004,Nissan LEAF
104,11681061,618247,51594,1,31/01/2021,14:34,31/01/2021,15:14,21.602,0.0,"Queen Street Charging Hub, Dundee",APT Controls; APT test; CYC; ChargePlace Scotland; Dundee City Council,APT 50kW Raption,,,805F560A885304,Tesla Model 3
105,11681019,609004,50840,2,31/01/2021,14:30,31/01/2021,20:08,13.48,0.0,"Ardler Complex, Turnberry Avenue, Dundee",APT Controls; CYC; ChargePlace Scotland; Dundee City Council,APT 7kW Dual Outlet,,,803B7D9A6A0C04,Renault ZOE
106,11680958,621994,51426,1,31/01/2021,14:23,31/01/2021,17:03,84.468,13.05,"Princes Street Charging Hub, Dundee",APT Controls; APT test; CYC; ChargePlace Scotland; Dundee City Council,APT 50kW Raption,,,8.0617E+13,Porsche Taycan
107,11680937,613013,51584,2,31/01/2021,14:22,31/01/2021,15:23,30.547,4.96,"Lochee Charging Hub, Aimer Square, Dundee",APT Controls; APT test; CYC; ChargePlace Scotland; Dundee City Council,APT 50kW Raption,,,805E81FA756004,Nissan LEAF
108,11680783,614750,51421,2,31/01/2021,14:07,31/01/2021,14:27,3.37,0.88,"Princes Street Charging Hub, Dundee",APT Controls; APT test; CYC; ChargePlace Scotland; Dundee City Council,APT 50kW Raption,,,8062CBA2916704,Nissan LEAF
109,11680744,629761,51598,1,31/01/2021,14:03,31/01/2021,19:20,10.417,1.94,"Queen Street Charging Hub, Dundee",APT Controls; APT test; CYC; ChargePlace Scotland; Dundee City Council,APT 22kW Dual Outlet,,,805F6172125C04,Peugeot 3008
110,11680721,619296,51088,2,31/01/2021,14:02,31/01/2021,15:17,7.151,0.0,"Gellatly Street Car Park, Dundee",APT Controls; CYC; ChargePlace Scotland; Dundee City Council,APT 7kW Dual Outlet,,,805F560A783504,Nissan LEAF
111,11680665,604265,51088,1,31/01/2021,13:56,31/01/2021,18:40,6.991,0.0,"Gellatly Street Car Park, Dundee",APT Controls; CYC; ChargePlace Scotland; Dundee City Council,APT 7kW Dual Outlet,,,804E2D5A737E04,Nissan LEAF
112,11680668,529569,51550,2,31/01/2021,13:56,31/01/2021,14:24,10.78,1.99,"Lochee Charging Hub, Aimer Square, Dundee",APT Controls; CYC; ChargePlace Scotland; Dundee City Council,APT 50kW Raption,,,8065B0AA380D04,Nissan LEAF
113,11680513,615609,50268,2,31/01/2021,13:40,31/01/2021,18:08,7.85,0.0,"Housing Office West, Aimer Square, Dundee",APT Controls; CYC; ChargePlace Scotland; Dundee City Council,APT 7kW Dual Outlet,,,8062CBA2612504,
114,11680490,614750,51421,2,31/01/2021,13:37,31/01/2021,14:07,12.816,2.3,"Princes Street Charging Hub, Dundee",APT Controls; APT test; CYC; ChargePlace Scotland; Dundee City Council,APT 50kW Raption,,,8062CBA2916704,Nissan LEAF
115,11680491,612534,51422,1,31/01/2021,13:37,31/01/2021,14:25,25.906,4.26,"Princes Street Charging Hub, Dundee",APT Controls; CYC; ChargePlace Scotland; Dundee City Council,APT 50kW Raption,,,805E806A624704,Volkswagen e-Golf
116,11680480,610653,51549,2,31/01/2021,13:36,31/01/2021,14:21,3.879,0.96,"Lochee Charging Hub, Aimer Square, Dundee",APT Controls; CYC; ChargePlace Scotland; Dundee City Council,APT 50kW Raption,,,805E81C2124004,Nissan LEAF
117,11680456,527492,50910,2,31/01/2021,13:34,31/01/2021,23:30,20.884,3.51,"Dock Street, Dundee",APT Controls; CYC; ChargePlace Scotland; Dundee City Council,APT 22kW Dual Outlet,,,80650B32415404,Nissan LEAF
118,11680447,607753,51584,2,31/01/2021,13:33,31/01/2021,13:57,8.66,1.67,"Lochee Charging Hub, Aimer Square, Dundee",APT Controls; APT test; CYC; ChargePlace Scotland; Dundee City Council,APT 50kW Raption,,,804377FA2E5B04,Nissan LEAF
119,11680441,526584,51547,2,31/01/2021,13:32,31/01/2021,13:56,11.516,2.1,"Lochee Charging Hub, Aimer Square, Dundee",APT Controls; CYC; ChargePlace Scotland; Dundee City Council,APT 50kW Raption,,,8062E162584304,Nissan LEAF
120,11680402,612949,51428,1,31/01/2021,13:28,31/01/2021,15:31,13.449,2.39,"Princes Street Charging Hub, Dundee",APT Controls; APT test; CYC; ChargePlace Scotland; Dundee City Council,APT 22kW Dual Outlet,,,805E8182285204,Nissan LEAF
121,11680377,614716,51585,2,31/01/2021,13:26,31/01/2021,13:56,6.163,1.3,"Lochee Charging Hub, Aimer Square, Dundee",APT Controls; APT test; CYC; ChargePlace Scotland; Dundee City Council,APT 50kW Raption,,,8062CBA2892104,Nissan LEAF
122,11680306,618778,51426,2,31/01/2021,13:18,31/01/2021,14:18,26.059,4.28,"Princes Street Charging Hub, Dundee",APT Controls; APT test; CYC; ChargePlace Scotland; Dundee City Council,APT 50kW Raption,,,805F560A531F04,Nissan LEAF
123,11680297,601052,51424,2,31/01/2021,13:17,31/01/2021,14:02,9.4,0.0,"Princes Street Charging Hub, Dundee",APT Controls; APT test; CYC; ChargePlace Scotland; Dundee City Council,APT 50kW Raption,,,804F0BC2775C04,Nissan LEAF
124,11680265,611642,50267,1,31/01/2021,13:14,01/02/2021,07:39,7.01,0.0,"Social Work Building, Jack Martin Way, Dundee",APT Controls; CYC; ChargePlace Scotland; Dundee City Council,APT 7kW Dual Outlet,,,805E81FA211704,
125,11680251,617635,51584,2,31/01/2021,13:12,31/01/2021,13:31,5.956,1.27,"Lochee Charging Hub, Aimer Square, Dundee",APT Controls; APT test; CYC; ChargePlace Scotland; Dundee City Council,APT 50kW Raption,,,8062CBA24C3504,Nissan LEAF
126,11680124,618928,51585,2,31/01/2021,13:00,31/01/2021,13:21,6.124,1.29,"Lochee Charging Hub, Aimer Square, Dundee",APT Controls; APT test; CYC; ChargePlace Scotland; Dundee City Council,APT 50kW Raption,,,805F5612907004,Nissan LEAF
127,11680117,619619,51421,1,31/01/2021,12:59,31/01/2021,13:20,13.603,2.42,"Princes Street Charging Hub, Dundee",APT Controls; APT test; CYC; ChargePlace Scotland; Dundee City Council,APT 50kW Raption,,,805F56125A6504,BMW 530e
128,11680093,614716,51549,2,31/01/2021,12:57,31/01/2021,13:16,11.304,2.07,"Lochee Charging Hub, Aimer Square, Dundee",APT Controls; CYC; ChargePlace Scotland; Dundee City Council,APT 50kW Raption,,,8062CBA2892104,Nissan LEAF
129,11680041,620520,50269,1,31/01/2021,12:52,31/01/2021,17:00,23.5,3.9,"Housing Office East, Midmill Road, Dundee",APT Controls; CYC; ChargePlace Scotland; Dundee City Council,APT 7kW Dual Outlet,,,805F5612582E04,Nissan LEAF
130,11680005,615824,50267,2,31/01/2021,12:49,31/01/2021,16:00,7.01,0.0,"Social Work Building, Jack Martin Way, Dundee",APT Controls; CYC; ChargePlace Scotland; Dundee City Council,APT 7kW Dual Outlet,,,8062CBA25C1704,
131,11680007,607753,51584,2,31/01/2021,12:49,31/01/2021,13:09,11.301,2.07,"Lochee Charging Hub, Aimer Square, Dundee",APT Controls; APT test; CYC; ChargePlace Scotland; Dundee City Council,APT 50kW Raption,,,804377FA2E5B04,Nissan LEAF
132,11680001,604768H,50841,2,31/01/2021,12:49,31/01/2021,15:54,7.71,0.0,"Brington Place Sheltered Housing, Dundee",Dundee City Council Private,APT 7kW Dual Outlet,,,804E2D5A6F7504,
133,11679993,603907,50373,2,31/01/2021,12:48,31/01/2021,15:53,16.86,0.0,"Janet Brougham House, Banchory Road, Dundee",APT Controls; CYC; ChargePlace Scotland; Dundee City Council,APT 7kW Dual Outlet,,,804E2D5A713504,Nissan LEAF
134,11679953,604826H,50265,2,31/01/2021,12:44,31/01/2021,18:33,12.27,0.0,"Turriff House, Rannoch Road, Dundee",CYC; ChargePlace Scotland; Dundee City Council,APT 7kW Dual Outlet,,,804E2D5A6E8A04,
135,11679955,610684,51547,2,31/01/2021,12:44,31/01/2021,13:01,3.943,0.97,"Lochee Charging Hub, Aimer Square, Dundee",APT Controls; CYC; ChargePlace Scotland; Dundee City Council,APT 50kW Raption,,,805E81C22B8D04,Nissan LEAF
136,11679835,604904H,50841,1,31/01/2021,12:31,31/01/2021,15:55,8.9,0.0,"Brington Place Sheltered Housing, Dundee",Dundee City Council Private,APT 7kW Dual Outlet,,,804E2D5A5B4304,
137,11679820,617474,51454,2,31/01/2021,12:29,31/01/2021,19:52,34.76,0.0,"Alexander Street, Dundee",APT Controls; APT test; CYC; ChargePlace Scotland; Dundee City Council,APT 7kW Dual Outlet,,,8062CBA2875204,MG ZS EV
138,11679803,625590,51425,1,31/01/2021,12:27,31/01/2021,13:57,34.305,5.52,"Princes Street Charging Hub, Dundee",APT Controls; APT test; CYC; ChargePlace Scotland; Dundee City Council,APT 50kW Raption,,,8.0617E+13,BMW i3
139,11679659,610684,51550,2,31/01/2021,12:13,31/01/2021,12:28,4.364,1.03,"Lochee Charging Hub, Aimer Square, Dundee",APT Controls; CYC; ChargePlace Scotland; Dundee City Council,APT 50kW Raption,,,805E81C22B8D04,Nissan LEAF
140,11679650,624502,51421,2,31/01/2021,12:13,31/01/2021,12:35,9.069,1.74,"Princes Street Charging Hub, Dundee",APT Controls; APT test; CYC; ChargePlace Scotland; Dundee City Council,APT 50kW Raption,,,8.0617E+13,Nissan LEAF
141,11679584,620718,51422,1,31/01/2021,12:06,31/01/2021,12:51,21.951,0.0,"Princes Street Charging Hub, Dundee",APT Controls; CYC; ChargePlace Scotland; Dundee City Council,APT 50kW Raption,,,805F5612157D04,MG ZS EV
142,11679577,610653,51584,2,31/01/2021,12:05,31/01/2021,12:44,3.775,0.94,"Lochee Charging Hub, Aimer Square, Dundee",APT Controls; APT test; CYC; ChargePlace Scotland; Dundee City Council,APT 50kW Raption,,,805E81C2124004,Nissan LEAF
143,11679494,526233,52567,2,31/01/2021,11:55,03/02/2021,16:49,26.909,4.41,"South Tay Street, Dundee",APT Controls; APT test; CYC; ChargePlace Scotland; Dundee City Council,APT 22kW Dual Outlet,,,8062E252642704,
144,11679439,604781H,51088,2,31/01/2021,11:51,31/01/2021,13:07,7.355,0.0,"Gellatly Street Car Park, Dundee",APT Controls; CYC; ChargePlace Scotland; Dundee City Council,APT 7kW Dual Outlet,,,804E2D5A6F2004,
145,11679422,618928,51585,2,31/01/2021,11:49,31/01/2021,12:15,8.759,1.69,"Lochee Charging Hub, Aimer Square, Dundee",APT Controls; APT test; CYC; ChargePlace Scotland; Dundee City Council,APT 50kW Raption,,,805F5612907004,Nissan LEAF
146,11679403,625591,51594,1,31/01/2021,11:47,31/01/2021,11:59,6.54,1.36,"Queen Street Charging Hub, Dundee",APT Controls; APT test; CYC; ChargePlace Scotland; Dundee City Council,APT 50kW Raption,,,8.06E+14,BMW i3
147,11679388,607855,51547,2,31/01/2021,11:45,31/01/2021,12:23,15.72,2.73,"Lochee Charging Hub, Aimer Square, Dundee",APT Controls; CYC; ChargePlace Scotland; Dundee City Council,APT 50kW Raption,,,803E699A3F2D04,Nissan LEAF
148,11679373,614730,51454,1,31/01/2021,11:44,31/01/2021,15:21,22.33,3.72,"Alexander Street, Dundee",APT Controls; APT test; CYC; ChargePlace Scotland; Dundee City Council,APT 7kW Dual Outlet,,,8062CBA23C2504,Nissan LEAF
149,11679362,612890,51426,2,31/01/2021,11:43,31/01/2021,12:44,14.602,0.0,"Princes Street Charging Hub, Dundee",APT Controls; APT test; CYC; ChargePlace Scotland; Dundee City Council,APT 50kW Raption,,,805E81FA523204,Nissan LEAF
150,11679308,529569,51549,2,31/01/2021,11:37,31/01/2021,12:07,12.492,2.25,"Lochee Charging Hub, Aimer Square, Dundee",APT Controls; CYC; ChargePlace Scotland; Dundee City Council,APT 50kW Raption,,,8065B0AA380D04,Nissan LEAF
151,11679079,617162,50913,1,31/01/2021,11:12,31/01/2021,12:28,15.018,0.0,"Lochee Charging Hub, Aimer Square, Dundee",APT Controls; CYC; ChargePlace Scotland; Dundee City Council,APT 22kW Dual Outlet,,,8062CBA25C7604,Renault ZOE
152,11679074,612185,51421,2,31/01/2021,11:11,31/01/2021,11:33,6.803,1.4,"Princes Street Charging Hub, Dundee",APT Controls; APT test; CYC; ChargePlace Scotland; Dundee City Council,APT 50kW Raption,,,805E806A667004,Nissan LEAF
153,11678988,621472,52667,1,31/01/2021,11:01,31/01/2021,12:39,193.244,29.36,Green Market HGV,Dundee City Council Private,Swarco Raption 150 CCS/CHA,,,8062FB2A5A4304,
154,11678784,613790,51422,1,31/01/2021,10:38,31/01/2021,11:45,22.715,0.0,"Princes Street Charging Hub, Dundee",APT Controls; CYC; ChargePlace Scotland; Dundee City Council,APT 50kW Raption,,,8062160A399904,Tesla Model S
155,11678470,616334,51426,2,31/01/2021,10:02,31/01/2021,10:31,13.809,2.45,"Princes Street Charging Hub, Dundee",APT Controls; APT test; CYC; ChargePlace Scotland; Dundee City Council,APT 50kW Raption,,,8062CBA2756904,Nissan LEAF
156,11678435,625085,51425,1,31/01/2021,09:58,31/01/2021,10:55,33.31,5.37,"Princes Street Charging Hub, Dundee",APT Controls; APT test; CYC; ChargePlace Scotland; Dundee City Council,APT 50kW Raption,,,8.0617E+13,BMW i3
157,11678382,626505,51422,1,31/01/2021,09:52,31/01/2021,10:10,10.721,0.0,"Princes Street Charging Hub, Dundee",APT Controls; CYC; ChargePlace Scotland; Dundee City Council,APT 50kW Raption,,,8062E2CA654504,Vauxhall Corsa-e
158,11678348,616334,51426,2,31/01/2021,09:48,31/01/2021,09:52,2.166,0.7,"Princes Street Charging Hub, Dundee",APT Controls; APT test; CYC; ChargePlace Scotland; Dundee City Council,APT 50kW Raption,,,8062CBA2756904,Nissan LEAF
159,11678297,625590,51585,1,31/01/2021,09:42,31/01/2021,09:51,2.343,0.73,"Lochee Charging Hub, Aimer Square, Dundee",APT Controls; APT test; CYC; ChargePlace Scotland; Dundee City Council,APT 50kW Raption,,,8.0617E+13,BMW i3
160,11678162,620520,51422,2,31/01/2021,09:25,31/01/2021,09:39,9.528,1.8,"Princes Street Charging Hub, Dundee",APT Controls; CYC; ChargePlace Scotland; Dundee City Council,APT 50kW Raption,,,805F5612582E04,Nissan LEAF
161,11677994,626023,51426,1,31/01/2021,09:03,31/01/2021,09:43,22.23,3.71,"Princes Street Charging Hub, Dundee",APT Controls; APT test; CYC; ChargePlace Scotland; Dundee City Council,APT 50kW Raption,,,8.0617E+13,BMW i3
162,11677991,610653,51549,2,31/01/2021,09:02,31/01/2021,10:03,4.526,1.05,"Lochee Charging Hub, Aimer Square, Dundee",APT Controls; CYC; ChargePlace Scotland; Dundee City Council,APT 50kW Raption,,,805E81C2124004,Nissan LEAF
163,11677975,610651,51585,2,31/01/2021,09:01,31/01/2021,09:27,9.532,1.8,"Lochee Charging Hub, Aimer Square, Dundee",APT Controls; APT test; CYC; ChargePlace Scotland; Dundee City Council,APT 50kW Raption,,,805E802A7F3204,Multiple vehicles available
164,11677947,626024,51584,1,31/01/2021,08:57,31/01/2021,09:48,32.698,5.28,"Lochee Charging Hub, Aimer Square, Dundee",APT Controls; APT test; CYC; ChargePlace Scotland; Dundee City Council,APT 50kW Raption,,,80616992665C04,BMW i3
165,11677902,601897,51547,1,31/01/2021,08:51,31/01/2021,09:18,8.206,0.0,"Lochee Charging Hub, Aimer Square, Dundee",APT Controls; CYC; ChargePlace Scotland; Dundee City Council,APT 50kW Raption,,,804E2D6A905204,Nissan LEAF
166,11677711,620520,51596,2,31/01/2021,08:25,31/01/2021,08:29,2.646,0.77,"Queen Street Charging Hub, Dundee",APT Controls; APT test; CYC; ChargePlace Scotland; Dundee City Council,APT 50kW Raption,,,805F5612582E04,Nissan LEAF
167,11677514,611100,51592,2,31/01/2021,07:57,31/01/2021,08:10,3.467,0.9,"Queen Street Charging Hub, Dundee",APT Controls; APT test; CYC; ChargePlace Scotland; Dundee City Council,APT 50kW Raption,,,805E81FA6C1C04,Nissan LEAF
168,11677491,620520,51596,2,31/01/2021,07:53,31/01/2021,08:04,7.086,1.44,"Queen Street Charging Hub, Dundee",APT Controls; APT test; CYC; ChargePlace Scotland; Dundee City Council,APT 50kW Raption,,,805F5612582E04,Nissan LEAF
169,11677489,614242,51547,2,31/01/2021,07:53,31/01/2021,08:09,9.624,1.82,"Lochee Charging Hub, Aimer Square, Dundee",APT Controls; CYC; ChargePlace Scotland; Dundee City Council,APT 50kW Raption,,,8062CBA2853204,Nissan LEAF
170,11677446,614819,51584,2,31/01/2021,07:48,31/01/2021,08:15,12.811,2.3,"Lochee Charging Hub, Aimer Square, Dundee",APT Controls; APT test; CYC; ChargePlace Scotland; Dundee City Council,APT 50kW Raption,,,8062CBA2587C04,Nissan LEAF
171,11677380,604903H,50339,2,31/01/2021,07:38,31/01/2021,07:50,1.69,0.0,"Public Works Dept, Clepington Road, Dundee",APT Controls; CYC; ChargePlace Scotland; Dundee City Council,APT Triple Rapid Charger,,,804E2D5A5A7304,
172,11677355,626022,51424,1,31/01/2021,07:34,31/01/2021,08:42,29.532,4.8,"Princes Street Charging Hub, Dundee",APT Controls; APT test; CYC; ChargePlace Scotland; Dundee City Council,APT 50kW Raption,,,80616992884D04,BMW i3
173,11677342,621472,52667,1,31/01/2021,07:32,31/01/2021,09:14,128.766,19.69,Green Market HGV,Dundee City Council Private,Swarco Raption 150 CCS/CHA,,,8062FB2A5A4304,
174,11677298,625085,51426,1,31/01/2021,07:25,31/01/2021,08:09,27.382,4.48,"Princes Street Charging Hub, Dundee",APT Controls; APT test; CYC; ChargePlace Scotland; Dundee City Council,APT 50kW Raption,,,8.0617E+13,BMW i3
175,11677236,610651,51592,2,31/01/2021,07:15,31/01/2021,07:40,14.436,2.54,"Queen Street Charging Hub, Dundee",APT Controls; APT test; CYC; ChargePlace Scotland; Dundee City Council,APT 50kW Raption,,,805E802A7F3204,Multiple vehicles available
176,11677182,610536,51421,2,31/01/2021,07:08,31/01/2021,07:16,5.675,1.23,"Princes Street Charging Hub, Dundee",APT Controls; APT test; CYC; ChargePlace Scotland; Dundee City Council,APT 50kW Raption,,,805E8182786304,Multiple vehicles available
177,11677175,613733,51584,2,31/01/2021,07:07,31/01/2021,07:13,4.661,1.07,"Lochee Charging Hub, Aimer Square, Dundee",APT Controls; APT test; CYC; ChargePlace Scotland; Dundee City Council,APT 50kW Raption,,,8062CBA25B9904,Nissan LEAF
178,11677121,625088,51422,1,31/01/2021,06:58,31/01/2021,08:10,26.722,4.38,"Princes Street Charging Hub, Dundee",APT Controls; CYC; ChargePlace Scotland; Dundee City Council,APT 50kW Raption,,,8.0617E+13,BMW i3
179,11677006,624831,51426,2,31/01/2021,06:40,31/01/2021,07:17,15.871,2.76,"Princes Street Charging Hub, Dundee",APT Controls; APT test; CYC; ChargePlace Scotland; Dundee City Council,APT 50kW Raption,,,80616992821F04,Nissan LEAF
180,11676893,615609,51547,2,31/01/2021,06:23,31/01/2021,07:23,20.282,0.0,"Lochee Charging Hub, Aimer Square, Dundee",APT Controls; CYC; ChargePlace Scotland; Dundee City Council,APT 50kW Raption,,,8062CBA2612504,
181,11676882,614819,51585,2,31/01/2021,06:21,31/01/2021,06:32,2.538,0.76,"Lochee Charging Hub, Aimer Square, Dundee",APT Controls; APT test; CYC; ChargePlace Scotland; Dundee City Council,APT 50kW Raption,,,8062CBA2587C04,Nissan LEAF
182,11676708,621969,51424,2,31/01/2021,05:53,31/01/2021,06:36,8.489,1.65,"Princes Street Charging Hub, Dundee",APT Controls; APT test; CYC; ChargePlace Scotland; Dundee City Council,APT 50kW Raption,,,806169924A6B04,Nissan LEAF
183,11676700,610708,51425,2,31/01/2021,05:51,31/01/2021,06:28,11.647,2.12,"Princes Street Charging Hub, Dundee",APT Controls; APT test; CYC; ChargePlace Scotland; Dundee City Council,APT 50kW Raption,,,805E81FA162F04,Nissan LEAF
184,11676683,615610,51584,2,31/01/2021,05:49,31/01/2021,06:33,11.91,0.0,"Lochee Charging Hub, Aimer Square, Dundee",APT Controls; APT test; CYC; ChargePlace Scotland; Dundee City Council,APT 50kW Raption,,,8062CBA2487304,
185,11676525,624831,51547,2,31/01/2021,05:23,31/01/2021,05:28,2.956,0.82,"Lochee Charging Hub, Aimer Square, Dundee",APT Controls; CYC; ChargePlace Scotland; Dundee City Council,APT 50kW Raption,,,80616992821F04,Nissan LEAF
186,11676471,610651,51584,2,31/01/2021,05:14,31/01/2021,05:26,4.533,1.05,"Lochee Charging Hub, Aimer Square, Dundee",APT Controls; APT test; CYC; ChargePlace Scotland; Dundee City Council,APT 50kW Raption,,,805E802A7F3204,Multiple vehicles available
187,11676458,621969,51424,2,31/01/2021,05:12,31/01/2021,05:15,0.919,0.51,"Princes Street Charging Hub, Dundee",APT Controls; APT test; CYC; ChargePlace Scotland; Dundee City Council,APT 50kW Raption,,,806169924A6B04,Nissan LEAF
188,11676173,613733,51424,2,31/01/2021,04:25,31/01/2021,04:35,7.335,1.48,"Princes Street Charging Hub, Dundee",APT Controls; APT test; CYC; ChargePlace Scotland; Dundee City Council,APT 50kW Raption,,,8062CBA25B9904,Nissan LEAF
189,11676080,621969,51421,2,31/01/2021,04:10,31/01/2021,04:34,6.505,1.35,"Princes Street Charging Hub, Dundee",APT Controls; APT test; CYC; ChargePlace Scotland; Dundee City Council,APT 50kW Raption,,,806169924A6B04,Nissan LEAF
190,11676027,614410,52111,2,31/01/2021,04:01,31/01/2021,17:43,4.291,1.02,"The Crescent, Lothian Crescent,  Dundee",APT Controls; APT test; CYC; ChargePlace Scotland; Dundee City Council,APT 22kW Dual Outlet,,,8062160A7E3504,Nissan LEAF
191,11676008,628777,51547,2,31/01/2021,03:58,31/01/2021,04:22,12.399,2.23,"Lochee Charging Hub, Aimer Square, Dundee",APT Controls; CYC; ChargePlace Scotland; Dundee City Council,APT 50kW Raption,,,805F6172247304,Nissan LEAF
192,11675979,624468,52399,1,31/01/2021,03:53,31/01/2021,16:22,33.64,5.42,"Orleans Place, Dundee",APT Controls; APT test; CYC; ChargePlace Scotland; Dundee City Council,APT 7kW Dual Outlet,,,8.06E+14,Nissan LEAF
193,11675904,614734,51426,2,31/01/2021,03:40,,,,,"Princes Street Charging Hub, Dundee",APT Controls; APT test; CYC; ChargePlace Scotland; Dundee City Council,APT 50kW Raption,,,8062CBA26B4404,Nissan LEAF
194,11675765,603548,50692,2,31/01/2021,03:17,31/01/2021,03:59,6.49,1.35,"Dundee Ice Arena, Dundee",APT Controls; CYC; ChargePlace Scotland; Dundee City Council,APT Triple Rapid Charger,,,804F0BC2394C04,Nissan LEAF
195,11675742,625584,50910,1,31/01/2021,03:13,31/01/2021,21:16,22.161,3.7,"Dock Street, Dundee",APT Controls; CYC; ChargePlace Scotland; Dundee City Council,APT 22kW Dual Outlet,,,8.0617E+13,
196,11675730,621969,51424,2,31/01/2021,03:11,31/01/2021,03:35,10.738,1.99,"Princes Street Charging Hub, Dundee",APT Controls; APT test; CYC; ChargePlace Scotland; Dundee City Council,APT 50kW Raption,,,806169924A6B04,Nissan LEAF
197,11675620,618928,51585,2,31/01/2021,02:52,31/01/2021,03:05,4.155,1.0,"Lochee Charging Hub, Aimer Square, Dundee",APT Controls; APT test; CYC; ChargePlace Scotland; Dundee City Council,APT 50kW Raption,,,805F5612907004,Nissan LEAF
198,11675619,618311,51547,2,31/01/2021,02:52,31/01/2021,03:34,24.466,4.04,"Lochee Charging Hub, Aimer Square, Dundee",APT Controls; CYC; ChargePlace Scotland; Dundee City Council,APT 50kW Raption,,,805F5612464004,Nissan LEAF
199,11675505,610536,51421,2,31/01/2021,02:33,31/01/2021,02:44,8.101,1.59,"Princes Street Charging Hub, Dundee",APT Controls; APT test; CYC; ChargePlace Scotland; Dundee City Council,APT 50kW Raption,,,805E8182786304,Multiple vehicles available
